{
    "pixels_per_cm": 34.23236682252054,
    "reference_length_cm": 18.0,
    "is_calibrated": true,
    "calibration_date": "2026-02-02T20:19:38.904943"
}